,Time,TrajectoryCompletion,Cost,Q_pos_xy_0,Q_pos_z_0,Q_attitude_0,Q_velocity_0,Q_horizon_0
0,111.30647459291737,8.333,1458065997.5268998,29.565085542608394,629.855807361511,7.458638759300672,13.723243406723658,4.000715814960917
