,Time,TrajectoryCompletion,Cost,Q_pos_xy_0,Q_pos_xy_1,Q_pos_xy_2,Q_pos_xy_3,Q_pos_z_0,Q_pos_z_1,Q_pos_z_2,Q_pos_z_3,Q_attitude_0,Q_attitude_1,Q_attitude_2,Q_attitude_3,Q_velocity_0,Q_velocity_1,Q_velocity_2,Q_velocity_3,Q_horizon_0,Q_horizon_1,Q_horizon_2,Q_horizon_3
0,122.61628675118793,0.0,4150305275.339426,167.82531787175517,384.1442209923121,138.067393139444,141.9776160813609,921.7591466571567,715.8017187013239,992.5289892118698,902.7273330786436,1.4330792478449752,10.294832095545507,26.860834080095593,5.513589309362708,38.782957012939896,15.996141773268485,57.04837358047887,35.394413329602926,4.994701472995164,2.000614697599895,3.002408458548812,5.999802263146014
